strike,maturity_days,moneyness,w,price
960.2086,30,0.75,put,0.035512988092652235
992.2155,30,0.775,put,0.08709774490794388
1024.2225,30,0.8,put,0.20319902919938554
1056.2294,30,0.825,put,0.4516277652868622
1088.2364,30,0.85,put,0.9573716077943488
1120.2433,30,0.875,put,1.937166939095201
1152.2503,30,0.9,put,3.7431196305292604
1184.2572,30,0.925,put,6.907460833229171
1216.2642,30,0.95,put,12.17023357473885
1248.2711,30,0.975,put,20.45925263139406
1280.2781,30,1.0,call,30.755958315514714
1312.2851,30,1.025,call,15.973047078554169
1344.292,30,1.05,call,6.45968454558741
1376.299,30,1.075,call,1.7331741885359815
1408.3059,30,1.1,call,0.2518193562899622
1440.3129,30,1.125,call,0.019308801547957447
1472.3198,30,1.15,call,0.0009319927248137069
1504.3268,30,1.175,call,3.363999628066211e-05
1536.3337,30,1.2,call,1.0156652471262993e-06
1568.3407,30,1.225,call,2.7500307940510008e-08
960.2086,40,0.75,put,0.16305683552363967
992.2155,40,0.775,put,0.32799874883449787
1024.2225,40,0.8,put,0.6361421456880091
1056.2294,40,0.825,put,1.191091835076987
1088.2364,40,0.85,put,2.155268343815939
1120.2433,40,0.875,put,3.772046933409732
1152.2503,40,0.9,put,6.388906730629641
1184.2572,40,0.925,put,10.476154333978315
1216.2642,40,0.95,put,16.63220371516065
1248.2711,40,0.975,put,25.562660920343603
1280.2781,40,1.0,call,35.316228223379944
1312.2851,40,1.025,call,19.972520362084584
1344.292,40,1.05,call,9.258069164217618
1376.299,40,1.075,call,3.118039092584354
1408.3059,40,1.1,call,0.6618864798291672
1440.3129,40,1.125,call,0.08813773926687223
1472.3198,40,1.15,call,0.00843614325271504
1504.3268,40,1.175,call,0.000658268906324366
1536.3337,40,1.2,call,4.5364251999644243e-05
1568.3407,40,1.225,call,2.900848482620527e-06
960.2086,50,0.75,put,0.43057024306383157
992.2155,50,0.775,put,0.7677767221661201
1024.2225,50,0.8,put,1.3304555004654615
1056.2294,50,0.825,put,2.2430181812755197
1088.2364,50,0.85,put,3.682534063862693
1120.2433,50,0.875,put,5.892264945873845
1152.2503,50,0.9,put,9.194042973079295
1184.2572,50,0.925,put,13.996330877098545
1216.2642,50,0.95,put,20.793406614981794
1248.2711,50,0.975,put,30.149733754519087
1280.2781,50,1.0,call,39.286491185831125
1312.2851,50,1.025,call,23.52076092522034
1344.292,50,1.05,call,11.913662165858936
1376.299,50,1.075,call,4.638960088231554
1408.3059,50,1.1,call,1.2485049329854898
1440.3129,50,1.125,call,0.23317293491385377
1472.3198,50,1.15,call,0.033788306070636695
1504.3268,50,1.175,call,0.004196562069774162
1536.3337,50,1.2,call,0.00047518200962336736
1568.3407,50,1.225,call,5.0933859712644155e-05
960.2086,60,0.75,put,0.8527531059899665
992.2155,60,0.775,put,1.401723026324284
1024.2225,60,0.8,put,2.2506540857617647
1056.2294,60,0.825,put,3.5334814856058556
1088.2364,60,0.85,put,5.429034428007574
1120.2433,60,0.875,put,8.169363395391517
1152.2503,60,0.9,put,12.04659119837697
1184.2572,60,0.925,put,17.416485302947855
1216.2642,60,0.95,put,24.696357426474645
1248.2711,60,0.975,put,34.35435274639906
1280.2781,60,1.0,call,42.836842875817
1312.2851,60,1.025,call,26.734110923923776
1344.292,60,1.05,call,14.428484035017853
1376.299,60,1.075,call,6.225191210218828
1408.3059,60,1.1,call,1.9756352183949606
1440.3129,60,1.125,call,0.46452990816497425
1472.3198,60,1.15,call,0.08898075818142435
1504.3268,60,1.175,call,0.015088109909899412
1536.3337,60,1.2,call,0.0023810419290018316
1568.3407,60,1.225,call,0.0003603372791890921
960.2086,70,0.75,put,1.4242105135737104
992.2155,70,0.775,put,2.2071968154476447
1024.2225,70,0.8,put,3.353347357795386
1056.2294,70,0.825,put,4.999017166477168
1088.2364,70,0.85,put,7.318239517634244
1120.2433,70,0.875,put,10.527974427201347
1152.2503,70,0.9,put,14.892079037658245
1184.2572,70,0.925,put,20.72297303832035
1216.2642,70,0.95,put,28.379729217787705
1248.2711,70,0.975,put,38.261175149588986
1280.2781,70,1.0,call,46.06920233105407
1312.2851,70,1.025,call,29.688228659564583
1344.292,70,1.05,call,16.817749874176176
1376.299,70,1.075,call,7.840802485403978
1408.3059,70,1.1,call,2.8125270449789843
1440.3129,70,1.125,call,0.7822780142795508
1472.3198,70,1.15,call,0.18323206115682864
1504.3268,70,1.175,call,0.03884570675101512
1536.3337,70,1.2,call,0.007775430408059572
1568.3407,70,1.225,call,0.0015062378543055795
960.2086,80,0.75,put,2.130381754098093
992.2155,80,0.775,put,3.1572589211722963
1024.2225,80,0.8,put,4.599221939334871
1056.2294,80,0.825,put,6.590887148883656
1088.2364,80,0.85,put,9.298434919346168
1120.2433,80,0.875,put,12.923029503696352
1152.2503,80,0.9,put,17.703262456935505
1184.2572,80,0.925,put,23.91604750154375
1216.2642,80,0.95,put,31.87533192125517
1248.2711,80,0.975,put,41.92809460297815
1280.2781,80,1.0,call,49.05098466112852
1312.2851,80,1.025,call,32.43585443519664
1344.292,80,1.05,call,19.098333670185667
1376.299,80,1.075,call,9.466951025840812
1408.3059,80,1.1,call,3.7355925865313804
1440.3129,80,1.125,call,1.1817163476295691
1472.3198,80,1.15,call,0.32230632292050937
1504.3268,80,1.175,call,0.08084439207595825
1536.3337,80,1.2,call,0.019348293954428577
1568.3407,80,1.225,call,0.004511756508162374
960.2086,90,0.75,put,2.953861481313031
992.2155,90,0.775,put,4.226346168313163
1024.2225,90,0.8,put,5.955820318666003
1056.2294,90,0.825,put,8.272855724740838
1088.2364,90,0.85,put,11.334582926110553
1120.2433,90,0.875,put,15.327014680741934
1152.2503,90,0.9,put,20.46667776719012
1184.2572,90,0.925,put,27.0012608911466
1216.2642,90,0.95,put,35.2090350417517
1248.2711,90,0.975,put,45.397090268567304
1280.2781,90,1.0,call,51.829901052036924
1312.2851,90,1.025,call,35.015523872212114
1344.292,90,1.05,call,21.285582956026094
1376.299,90,1.075,call,11.093515882638856
1408.3059,90,1.1,call,4.727166137508898
1440.3129,90,1.125,call,1.6564149438846274
1472.3198,90,1.15,call,0.5091329268426312
1504.3268,90,1.175,call,0.1456206708581576
1536.3337,90,1.2,call,0.040058106068988
1568.3407,90,1.225,call,0.010792159303633583
960.2086,100,0.75,put,3.8774629113601353
992.2155,100,0.775,put,5.392153597620215
1024.2225,100,0.8,put,7.397278571034764
1056.2294,100,0.825,put,10.01818252206974
1088.2364,100,0.85,put,13.402722851642002
1120.2433,100,0.875,put,17.722932645829548
1152.2503,100,0.9,put,23.176232058457778
1184.2572,100,0.925,put,29.98607810660404
1216.2642,100,0.95,put,38.40207040697976
1248.2711,100,0.975,put,48.69995743264651
1280.2781,100,1.0,call,54.441339780814246
1312.2851,100,1.025,call,37.45632303908188
1344.292,100,1.05,call,23.392615919471616
1376.299,100,1.075,call,12.715003478620204
1408.3059,100,1.1,call,5.773972371404956
1440.3129,100,1.125,call,2.199683532686439
1472.3198,100,1.15,call,0.7446714347705125
1504.3268,100,1.175,call,0.2366553480003659
1536.3337,100,1.2,call,0.07278257601829818
1568.3407,100,1.225,call,0.022012099680627485
960.2086,110,0.75,put,4.885507801645281
992.2155,110,0.775,put,6.635935668780453
1024.2225,110,0.8,put,8.903269049656268
1056.2294,110,0.825,put,11.807114698000175
1088.2364,110,0.85,put,15.486332371512185
1120.2433,110,0.875,put,20.10030219709321
1152.2503,110,0.9,put,25.829935873664777
1184.2572,110,0.925,put,32.87844716350367
1216.2642,110,0.95,put,41.4720846866625
1248.2711,110,0.975,put,51.86155870540219
1280.2781,110,1.0,call,56.91243113266366
1312.2851,110,1.025,call,39.78072856000961
1344.292,110,1.05,call,25.430391647028383
1376.299,110,1.075,call,14.32845462242501
1408.3059,110,1.1,call,6.86589818860769
1440.3129,110,1.125,call,2.805193044609274
1472.3198,110,1.15,call,1.028636284994247
1504.3268,110,1.175,call,0.35643250695270795
1536.3337,110,1.2,call,0.12010378752667406
1568.3407,110,1.225,call,0.03992947723366658
960.2086,120,0.75,put,5.964244326987021
992.2155,120,0.775,put,7.94222038947022
1024.2225,120,0.8,put,10.45789210500122
1056.2294,120,0.825,put,13.625015076339013
1088.2364,120,0.85,put,17.573969671728708
1120.2433,120,0.875,put,22.452796845941776
1152.2503,120,0.9,put,28.428135585313022
1184.2572,120,0.925,put,35.686168046798066
1216.2642,120,0.95,put,44.433911911633956
1248.2711,120,0.975,put,54.90179371066127
1280.2781,120,1.0,call,59.264478106244
1312.2851,120,1.025,call,42.006426438321746
1344.292,120,1.05,call,27.407997243077997
1376.299,120,1.075,call,15.93233166419595
1408.3059,120,1.1,call,7.99510526730619
1440.3129,120,1.125,call,3.467186145055693
1472.3198,120,1.15,call,1.360009350417982
1504.3268,120,1.175,call,0.506610124050115
1536.3337,120,1.2,call,0.1842143027758923
1568.3407,120,1.225,call,0.06626872185146078
960.2086,130,0.75,put,7.101863311821616
992.2155,130,0.775,put,9.298351514933985
1024.2225,130,0.8,put,12.048725594638288
1056.2294,130,0.825,put,15.461008095807294
1088.2364,130,0.85,put,19.657721705189818
1120.2433,130,0.875,put,24.776796613589656
1152.2503,130,0.9,put,30.97250715592731
1184.2572,130,0.925,put,38.41661156325562
1216.2642,130,0.95,put,47.30013545435277
1248.2711,130,0.975,put,57.836866226958485
1280.2781,130,1.0,call,61.514511500582046
1312.2851,130,1.025,call,44.14753835806218
1344.292,130,1.05,call,29.33296381465009
1376.299,130,1.075,call,17.525906715741787
1408.3059,130,1.1,call,9.155408776980192
1440.3129,130,1.125,call,4.18050388166699
1472.3198,130,1.15,call,1.7373715764910331
1504.3268,130,1.175,call,0.688210397170113
1536.3337,130,1.2,call,0.2669050497711794
1568.3407,130,1.225,call,0.1026365752462418
960.2086,140,0.75,put,8.288345145434743
992.2155,140,0.775,put,10.694022089747643
1024.2225,140,0.8,put,13.666062719045405
1056.2294,140,0.825,put,17.307004401412016
1088.2364,140,0.85,put,21.732161317040926
1120.2433,140,0.875,put,27.070468634753396
1152.2503,140,0.9,put,33.46545977712127
1184.2572,140,0.925,put,41.07660213991053
1216.2642,140,0.95,put,50.08150503706359
1248.2711,140,0.975,put,60.68014381830993
1280.2781,140,1.0,call,63.67633978154778
1312.2851,140,1.025,call,46.21548024456144
1344.292,140,1.05,call,31.21155100984413
1376.299,140,1.075,call,19.108916026124295
1408.3059,140,1.1,call,10.341844469733738
1440.3129,140,1.125,call,4.940539252720627
1472.3198,140,1.15,call,2.159104538891142
1504.3268,140,1.175,call,0.9017886355094524
1536.3337,140,1.2,call,0.3695986797982077
1568.3407,140,1.225,call,0.15047687695321882
960.2086,150,0.75,put,9.51524832691631
992.2155,150,0.775,put,12.1208566970315
1024.2225,150,0.8,put,15.302316007168027
1056.2294,150,0.825,put,19.156993793272722
1088.2364,150,0.85,put,23.7936314090312
1120.2433,150,0.875,put,29.333166316464215
1152.2503,150,0.9,put,35.90977227535023
1184.2572,150,0.925,put,43.67238185461449
1216.2642,150,0.95,put,52.78725490849589
1248.2711,150,0.975,put,63.44276765313524
1280.2781,150,1.0,call,65.76128808849045
1312.2851,150,1.025,call,48.21958052164795
1344.292,150,1.05,call,33.048985568195526
1376.299,150,1.075,call,20.681360481188385
1408.3059,150,1.1,call,11.550364988303658
1440.3129,150,1.125,call,5.7431690133610935
1472.3198,150,1.15,call,2.623506139888637
1504.3268,150,1.175,call,1.1475674932247972
1536.3337,150,1.2,call,0.4934026736309642
1568.3407,150,1.225,call,0.21105478650483145
960.2086,160,0.75,put,10.775490713583272
992.2155,160,0.775,put,13.572056748970416
1024.2225,160,0.8,put,16.951554998103823
1056.2294,160,0.825,put,21.006527660831157
1088.2364,160,0.85,put,25.839744217708873
1120.2433,160,0.875,put,31.56502764436816
1152.2503,160,0.9,put,38.30836793759521
1184.2572,160,0.925,put,46.2096162177077
1216.2642,160,0.95,put,55.42535320125851
1248.2711,160,0.975,put,66.13410095985846
1280.2781,160,1.0,call,67.77873538645895
1312.2851,160,1.025,call,50.16753512322267
1344.292,160,1.05,call,34.84965533024688
1376.299,160,1.075,call,22.243388607904947
1408.3059,160,1.1,call,12.777624149981516
1440.3129,160,1.125,call,6.584685772047112
1472.3198,160,1.15,call,3.1288528514983716
1504.3268,160,1.175,call,1.4255365527571806
1536.3337,160,1.2,call,0.6391664944063183
1568.3407,160,1.225,call,0.2854604045660887
960.2086,170,0.75,put,12.063145492269717
992.2155,170,0.775,put,15.042106700536033
1024.2225,170,0.8,put,18.609147902049045
1056.2294,170,0.825,put,22.85233621339647
1088.2364,170,0.85,put,27.86902549268005
1120.2433,170,0.875,put,33.7667021205936
1152.2503,170,0.9,put,40.66417476244714
1184.2572,170,0.925,put,48.69342151027128
1216.2642,170,0.95,put,58.002701731213
1248.2711,170,0.975,put,68.76206823679307
1280.2781,170,1.0,call,69.73651468955866
1312.2851,170,1.025,call,52.06574827946952
1344.292,170,1.05,call,36.61726499089701
1376.299,170,1.075,call,23.79522726823113
1408.3059,170,1.1,call,14.020821359497418
1440.3129,170,1.125,call,7.461738506776298
1472.3198,170,1.15,call,3.673430418144123
1504.3268,170,1.175,call,1.735522478816878
1536.3337,170,1.2,call,0.8075343864655835
1568.3407,170,1.225,call,0.3746235314255813
960.2086,180,0.75,put,13.373259994270134
992.2155,180,0.775,put,16.526533636280785
1024.2225,180,0.8,put,20.271483202909927
1056.2294,180,0.825,put,24.692042723153026
1088.2364,180,0.85,put,29.880658448324446
1120.2433,180,0.875,put,35.939163085474405
1152.2503,180,0.9,put,42.980039905734465
1184.2572,180,0.925,put,51.12840271555373
1216.2642,180,0.95,put,60.52529881896178
1248.2711,180,0.975,put,71.33341747230406
1280.2781,180,1.0,call,71.64121711103925
1312.2851,180,1.025,call,53.91959151069911
1344.292,180,1.05,call,38.35496058734069
1376.299,180,1.075,call,25.337140454093866
1408.3059,180,1.1,call,15.277587514765719
1440.3129,180,1.125,call,8.371283417235786
1472.3198,180,1.15,call,4.25554709659279
1504.3268,180,1.175,call,2.0772362610973865
1536.3337,180,1.2,call,0.9989901044584337
1568.3407,180,1.225,call,0.47933357594119774
960.2086,190,0.75,put,14.701698980400838
992.2155,190,0.775,put,18.021711660643447
1024.2225,190,0.8,put,21.935752616333396
1056.2294,190,0.825,put,26.523948461779383
1088.2364,190,0.85,put,31.87429774130854
1120.2433,190,0.875,put,38.083577967305565
1152.2503,190,0.9,put,45.25867914578794
1184.2572,190,0.925,put,53.518695832883715
1216.2642,190,0.95,put,62.99837363315823
1248.2711,190,0.975,put,73.85392629173491
1280.2781,190,1.0,call,73.49842648236982
1312.2851,190,1.025,call,55.73360295146188
1344.292,190,1.05,call,40.06542900692035
1376.299,190,1.075,call,26.869404895508218
1408.3059,190,1.1,call,16.54589991248247
1440.3129,190,1.125,call,9.310543772863944
1472.3198,190,1.15,call,4.873538092614925
1504.3268,190,1.175,call,2.450303651285429
1536.3337,190,1.2,call,1.21389259785118
1568.3407,190,1.225,call,0.6002606650401455
960.2086,200,0.75,put,16.045011135170977
992.2155,200,0.775,put,19.524703139513072
1024.2225,200,0.8,put,23.59978125789122
1056.2294,200,0.825,put,28.346869758471044
1088.2364,200,0.85,put,33.849933385872234
1120.2433,200,0.875,put,40.20121849859582
1152.2503,200,0.9,put,47.50264920087455
1184.2572,200,0.925,put,55.868010982436374
1216.2642,200,0.95,put,65.42649803676218
1248.2711,200,0.975,put,76.32856617739364
1280.2781,200,1.0,call,75.31290273989748
1312.2851,200,1.025,call,57.51164246279185
1344.292,200,1.05,call,41.750977734055205
1376.299,200,1.075,call,28.392295842394166
1408.3059,200,1.1,call,17.824017717643134
1440.3129,200,1.125,call,10.276978504182116
1472.3198,200,1.15,call,5.525766266573856
1504.3268,200,1.175,call,2.8542838796602847
1536.3337,200,1.2,call,1.4525031324229205
1568.3407,200,1.225,call,0.7379755797750337
960.2086,210,0.75,put,17.400316369149436
992.2155,210,0.775,put,21.033129952300406
1024.2225,210,0.8,put,25.261894289934627
1056.2294,210,0.825,put,30.160013885782863
1088.2364,210,0.85,put,35.807790746146026
1120.2433,210,0.875,put,42.29339885008289
1152.2503,210,0.9,put,49.7143349821692
1184.2572,210,0.925,put,58.17967423460306
1216.2642,210,0.95,put,67.8136803179528
1248.2711,210,0.975,put,78.76163468246634
1280.2781,210,1.0,call,77.0887268352951
1312.2851,210,1.025,call,59.257013546713765
1344.292,210,1.05,call,43.41359901633236
1376.299,210,1.075,call,29.90607904661012
1408.3059,210,1.1,call,19.110432240813626
1440.3129,210,1.125,call,11.268256009082716
1472.3198,210,1.15,call,6.210621881166686
1504.3268,210,1.175,call,3.2886806164889206
1536.3337,210,1.2,call,1.7150050002268769
1568.3407,210,1.225,call,0.8929672609755863
960.2086,220,0.75,put,18.76521122303905
992.2155,220,0.775,put,22.545069068991992
1024.2225,220,0.8,put,26.920811885287662
1056.2294,220,0.825,put,31.962884126848703
1088.2364,220,0.85,put,37.748256862566365
1120.2433,220,0.875,put,44.36143343426055
1152.2503,220,0.9,put,51.895946538772144
1184.2572,220,0.925,put,60.456667020964964
1216.2642,220,0.95,put,70.1634441305146
1248.2711,220,0.975,put,81.15686280948866
1280.2781,220,1.0,call,78.82941632779992
1312.2851,220,1.025,call,60.97256003982029
1344.292,220,1.05,call,45.055021740405465
1376.299,220,1.075,call,31.411006531719032
1408.3059,220,1.1,call,20.403828046744284
1440.3129,220,1.125,call,12.282233035475132
1472.3198,220,1.15,call,6.926522738763634
1504.3268,220,1.175,call,3.7529481313026194
1536.3337,220,1.2,call,2.0015171881641383
1568.3407,220,1.225,call,1.0656573677988748
960.2086,230,0.75,put,20.13768974546644
992.2155,230,0.775,put,24.058967805382117
1024.2225,230,0.8,put,28.575566270584787
1056.2294,230,0.825,put,33.755206937162406
1088.2364,230,0.85,put,39.67182615672637
1120.2433,230,0.875,put,46.4066086406678
1152.2503,230,0.9,put,54.04952218153996
1184.2572,230,0.925,put,62.70166255450843
1216.2642,230,0.95,put,72.47889523849472
1248.2711,230,0.975,put,83.5175028647065
1280.2781,230,1.0,call,80.5380183624049
1312.2851,230,1.025,call,62.66074344423563
1344.292,230,1.05,call,46.67675358847025
1376.299,230,1.075,call,32.90731466886863
1408.3059,230,1.1,call,21.703052110119334
1440.3129,230,1.125,call,13.31693693442317
1472.3198,230,1.15,call,7.67191520861139
1504.3268,230,1.175,call,4.246494764160055
1536.3337,230,1.2,call,2.312103353737768
1568.3407,230,1.225,call,1.256411832454078
960.2086,240,0.75,put,21.51607745694892
992.2155,240,0.775,put,25.573574989764033
1024.2225,240,0.8,put,30.225436056693905
1056.2294,240,0.825,put,35.53687593841242
1088.2364,240,0.85,put,41.579060484948755
1120.2433,240,0.875,put,48.430164461706255
1152.2503,240,0.9,put,56.17693541752716
1184.2572,240,0.925,put,64.91705904093642
1216.2642,240,0.95,put,74.7627781333012
1248.2711,240,0.975,put,85.84640080059673
1280.2781,240,1.0,call,82.21718502141816
1312.2851,240,1.025,call,64.32370525140662
1344.292,240,1.05,call,48.28011547892985
1376.299,240,1.075,call,34.39522364100125
1408.3059,240,1.1,call,23.007089041255405
1440.3129,240,1.125,call,14.37055048963617
1472.3198,240,1.15,call,8.445276172785345
1504.3268,240,1.175,call,4.768685160078973
1536.3337,240,1.2,call,2.646777320088473
1568.3407,240,1.225,call,1.4655496188785557
960.2086,250,0.75,put,22.898976306108203
992.2155,250,0.775,put,27.08788499958979
1024.2225,250,0.8,put,31.869894153833194
1056.2294,250,0.825,put,37.30790880060935
1088.2364,250,0.85,put,43.4705598653285
1120.2433,250,0.875,put,50.433283135858716
1152.2503,250,0.9,put,58.27990409715165
1184.2572,250,0.925,put,67.10500968000875
1216.2642,250,0.95,put,77.01752419684568
1248.2711,250,0.975,put,88.14605612562558
1280.2781,250,1.0,call,83.86923481007805
1312.2851,250,1.025,call,65.96331753238
1344.292,250,1.05,call,49.86626985394927
1376.299,250,1.075,call,35.8749377237635
1408.3059,250,1.1,call,24.315040957253956
1440.3129,250,1.125,call,15.441398685889325
1472.3198,250,1.15,call,9.245115686729916
1504.3268,250,1.175,call,5.3188422101506765
1536.3337,250,1.2,call,3.0055061220077257
1568.3407,250,1.225,call,1.6933490281100805
960.2086,260,0.75,put,24.285218819218777
992.2155,260,0.775,put,28.601092216068558
1024.2225,260,0.8,put,33.50856639690712
1056.2294,260,0.825,put,39.06841403412304
1088.2364,260,0.85,put,45.346941169911645
1120.2433,260,0.875,put,52.417082751658235
1152.2503,260,0.9,put,60.360000700391275
1184.2572,260,0.925,put,69.26744958475616
1216.2642,260,0.95,put,79.2452927797021
1248.2711,260,0.975,put,90.41867177452527
1280.2781,260,1.0,call,85.49620314483634
1312.2851,260,1.025,call,67.58122427964501
1344.292,260,1.05,call,51.436244035855474
1376.299,260,1.075,call,37.34664602648398
1408.3059,260,1.1,call,25.62611095744151
1440.3129,260,1.125,call,16.527936966927772
1472.3198,260,1.15,call,10.069980063072535
1504.3268,260,1.175,call,5.896249264258316
1536.3337,260,1.2,call,3.3882114478288097
1568.3407,260,1.225,call,1.940051946356246
960.2086,270,0.75,put,25.673829917130153
992.2155,270,0.775,put,30.112553920400376
1024.2225,270,0.8,put,35.141198639226616
1056.2294,270,0.825,put,40.81856542750284
1088.2364,270,0.85,put,47.20882277238368
1120.2433,270,0.875,put,54.3826143332292
1152.2503,270,0.9,put,62.41866304764561
1184.2572,270,0.925,put,71.4061198179914
1216.2642,270,0.95,put,81.44800632244804
1248.2711,270,0.975,put,92.66619581887248
1280.2781,270,1.0,call,87.09988405455901
1312.2851,270,1.025,call,69.17887540418708
1344.292,270,1.05,call,52.99094961139612
1376.299,270,1.075,call,38.810523471224535
1408.3059,270,1.1,call,26.939589431188043
1440.3129,270,1.125,call,17.62874067107235
1472.3198,270,1.15,call,10.918455242131314
1504.3268,270,1.175,call,6.500152905340608
1536.3337,270,1.2,call,3.7947701470877107
1568.3407,270,1.225,call,2.2058664359997286
960.2086,280,0.75,put,27.063995115830185
992.2155,280,0.775,put,31.62176003817352
1024.2225,280,0.8,put,36.767630559251124
1056.2294,280,0.825,put,42.55858240045232
1088.2364,280,0.85,put,49.05681365192334
1120.2433,280,0.875,put,56.33086134065517
1152.2503,280,0.9,put,64.45720496829897
1184.2572,280,0.925,put,73.52258878036805
1216.2642,280,0.95,put,83.62738045506617
1248.2711,280,0.975,put,94.89035650741984
1280.2781,280,1.0,call,88.68186481282733
1312.2851,280,1.025,call,70.7575548583238
1344.292,280,1.05,call,54.53119859978974
1376.299,280,1.075,call,40.266731872917205
1408.3059,280,1.1,call,28.25484261792695
1440.3129,280,1.125,call,18.742495429939293
1472.3198,280,1.15,call,11.789169256740355
1504.3268,280,1.175,call,7.1297663823881665
1536.3337,280,1.2,call,4.225014318278644
1568.3407,280,1.225,call,2.49096804657433
960.2086,290,0.75,put,28.455034036437347
992.2155,290,0.775,put,33.12830844602615
1024.2225,290,0.8,put,38.3877748008634
1056.2294,290,0.825,put,44.28871494280817
1088.2364,290,0.85,put,50.89150582956142
1120.2433,290,0.875,put,58.26274081503863
1152.2503,290,0.9,put,66.47682663032217
1184.2572,290,0.925,put,75.61827119555356
1216.2642,290,0.95,put,85.7849498521252
1248.2711,290,0.975,put,97.09269182520444
1280.2781,290,1.0,call,90.24355484774198
1312.2851,290,1.025,call,72.318404029234
1344.292,290,1.05,call,56.057717003236306
1376.299,290,1.075,call,41.71542103741762
1408.3059,290,1.1,call,29.571302977483267
1440.3129,290,1.125,call,19.86798838209265
1472.3198,290,1.15,call,12.680795928693158
1504.3268,290,1.175,call,7.7842736707277
1536.3337,290,1.2,call,4.678731356783719
1568.3407,290,1.225,call,2.795500185620582
960.2086,300,0.75,put,29.84637832904878
992.2155,300,0.775,put,34.63188480180788
1024.2225,300,0.8,put,40.001600359676935
1056.2294,300,0.825,put,46.00923211465778
1088.2364,300,0.85,put,52.713469292113004
1120.2433,300,0.875,put,60.17910561277623
1152.2503,300,0.9,put,68.47862435136896
1184.2572,300,0.925,put,77.69444493493872
1216.2642,300,0.95,put,87.92209049284907
1248.2711,300,0.975,put,99.2745745268503
1280.2781,300,1.0,call,91.78620999202262
1312.2851,300,1.025,call,73.86244130114854
1344.292,300,1.05,call,57.57115621635903
1376.299,300,1.075,call,43.156729828502904
1408.3059,300,1.1,call,30.88846102994091
1440.3129,300,1.125,call,21.00410009767141
1472.3198,300,1.15,call,13.59205657994603
1504.3268,300,1.175,call,8.462834048929407
1536.3337,300,1.2,call,5.1556642297445965
1568.3407,300,1.225,call,3.1195738465173974
960.2086,310,0.75,put,31.23755326547544
992.2155,310,0.775,put,36.132246058088406
1024.2225,310,0.8,put,41.60911935550182
1056.2294,310,0.825,put,47.72041331457793
1088.2364,310,0.85,put,54.523248766610266
1120.2433,310,0.875,put,62.08074732945814
1152.2503,310,0.9,put,70.46359979176486
1184.2572,310,0.925,put,79.75226591259432
1216.2642,310,0.95,put,90.04003886916725
1248.2711,310,0.975,put,101.43723341622143
1280.2781,310,1.0,call,93.31095291790731
1312.2851,310,1.025,call,75.3905784953064
1344.292,310,1.05,call,59.072102675667814
1376.299,310,1.075,call,44.59078717645777
1408.3059,310,1.1,call,32.205858399120615
1440.3129,310,1.125,call,22.14979713873164
1472.3198,310,1.15,call,14.521721980720818
1504.3268,310,1.175,call,9.164587039747516
1536.3337,310,1.2,call,5.655512150521978
1568.3407,310,1.225,call,3.463266946489712
960.2086,320,0.75,put,32.62816238217808
992.2155,320,0.775,put,37.62920697863866
1024.2225,320,0.8,put,43.21037650934231
1056.2294,320,0.825,put,49.42254170058551
1088.2364,320,0.85,put,56.321361864107466
1120.2433,320,0.875,put,63.96839962745049
1152.2503,320,0.9,put,72.43266848386376
1184.2572,320,0.925,put,81.79278126480092
1216.2642,320,0.95,put,92.13990859725428
1248.2711,320,0.975,put,103.58177149979284
1280.2781,320,1.0,call,94.81879043216728
1312.2851,320,1.025,call,76.90363475132402
1344.292,320,1.05,call,60.56108605538638
1376.299,320,1.075,call,46.017713014548
1408.3059,320,1.1,call,33.52308184990649
1440.3129,320,1.125,call,23.304125198219033
1472.3198,320,1.15,call,15.468613594629655
1504.3268,320,1.175,call,9.888657547833876
1536.3337,320,1.2,call,6.177931748800471
1568.3407,320,1.225,call,3.8266234855850185
960.2086,330,0.75,put,34.017874659977856
992.2155,330,0.775,put,39.122629106147144
1024.2225,330,0.8,put,44.805440783247306
1056.2294,330,0.825,put,51.115899285006655
1088.2364,330,0.85,put,58.10829822906722
1120.2433,330,0.875,put,65.84274176411986
1152.2503,330,0.9,put,74.38666768822954
1184.2572,330,0.925,put,83.81694100997565
1216.2642,330,0.95,put,94.22270481533887
1248.2711,330,0.975,put,105.70918152588627
1280.2781,330,1.0,call,96.31062817433026
1312.2851,330,1.025,call,78.40234830076072
1344.292,330,1.05,call,62.03858625710842
1376.299,330,1.075,call,47.437619138141926
1408.3059,330,1.1,call,34.83975815223786
1440.3129,330,1.125,call,24.466202771849506
1472.3198,330,1.15,call,16.43160427963044
1504.3268,330,1.175,call,10.634161031246087
1536.3337,330,1.2,call,6.722538771353547
1568.3407,330,1.225,call,4.20965269765098
960.2086,340,0.75,put,35.406413814684356
992.2155,340,0.775,put,40.6124117331368
1024.2225,340,0.8,put,46.39439875164889
1056.2294,340,0.825,put,52.800763329946584
1088.2364,340,0.85,put,59.88451941923632
1120.2433,340,0.875,put,67.704402178265
1152.2503,340,0.9,put,76.3263635904724
1184.2572,340,0.925,put,85.82560836580595
1216.2642,340,0.95,put,96.28933669016006
1248.2711,340,0.975,put,107.82035932979592
1280.2781,340,1.0,call,97.78728315730633
1312.2851,340,1.025,call,79.88738649548829
1344.292,340,1.05,call,63.50503939414083
1376.299,340,1.075,call,48.85060998639293
1408.3059,340,1.1,call,36.15554963730324
1440.3129,340,1.125,call,25.635215324109865
1472.3198,340,1.15,call,17.409618478361374
1504.3268,340,1.175,call,11.400208560476024
1536.3337,340,1.2,call,7.288910301520302
1568.3407,340,1.225,call,4.612328327788213
960.2086,350,0.75,put,36.793549345388804
992.2155,350,0.775,put,42.098484511767516
1024.2225,350,0.8,put,47.97734935992806
1056.2294,350,0.825,put,54.47740375180021
1088.2364,350,0.85,put,61.65045930811829
1120.2433,350,0.875,put,69.55396203649455
1152.2503,350,0.9,put,78.25245786713921
1184.2572,350,0.925,put,87.81956888184914
1216.2642,350,0.95,put,98.34062830405865
1248.2711,350,0.975,put,109.91611533066157
1280.2781,350,1.0,call,99.24949450740807
1312.2851,350,1.025,call,81.35935438419568
1344.292,350,1.05,call,64.96084293434073
1376.299,350,1.075,call,50.25678334942907
1408.3059,350,1.1,call,37.47015033684716
1440.3129,350,1.125,call,26.81040991393446
1472.3198,350,1.15,call,18.401631947822708
1504.3268,350,1.175,call,12.185911642455011
1536.3337,350,1.2,call,7.8765874507634805
1568.3407,350,1.225,call,5.034588137564367
960.2086,360,0.75,put,38.179089047385474
992.2155,360,0.775,put,43.580801405842934
1024.2225,360,0.8,put,49.55439979501013
1056.2294,360,0.825,put,56.14608130675361
1088.2364,360,0.85,put,63.40652485318115
1120.2433,360,0.875,put,71.39195867353617
1152.2503,360,0.9,put,80.16559365760895
1184.2572,360,0.925,put,89.79953852836258
1216.2642,360,0.95,put,100.37732815266224
1248.2711,360,0.975,put,111.99718446608175
1280.2781,360,1.0,call,100.69793269537105
1312.2851,360,1.025,call,82.81880207552767
1344.292,360,1.05,call,66.40636013565648
1376.299,360,1.075,call,51.65623100565894
1408.3059,360,1.1,call,38.783282616400506
1440.3129,360,1.125,call,27.99109024834111
1472.3198,360,1.15,call,19.40667108749579
1504.3268,360,1.175,call,12.990386930499547
1536.3337,360,1.2,call,8.48507845192787
1568.3407,360,1.225,call,5.476333709459016
