date,spot_price,risk_free_rate,dividend_rate,theta,kappa,rho,eta,v0,feller,iv_rmse,rmse,n_helpers,accepted,n_maturities,n_strikes,contracts_count,total_volume,spot_min,spot_max,spot_range_pct,high_move,calculation_date
2012-01-04,1274.1283,0.001578,0.020857999999999998,0.1448547960099279,1.481924004147121,-0.7442923584835459,1.3606320498559459,0.049764938060348304,-1.4219919764492996,0.0145428164428369,0.3176764016219779,340,True,10,107,340,226712,1268.15,1278.73,0.008342861648858557,False,2012-01-04 16:14:58.707
2012-01-03,1280.3824,0.001578,0.020857999999999998,0.14310121331529746,1.4387065124873244,-0.7441086489956141,1.3162492767354992,0.050072114320473475,-1.320750863423612,0.01325496523794273,0.27515508678791445,370,True,11,113,370,332384,1258.86,1284.62,0.02046295854979907,False,2012-01-03 16:19:32.942
2012-01-05,1274.731,0.001776,0.020865,0.14339707863260753,1.5978772436413058,-0.7339146768813726,1.3931321154420495,0.04395933369839433,-1.482555233572667,0.013584475155586254,0.30429983713664005,333,True,8,107,333,276393,1265.31,1283.05,0.014020279615272191,False,2012-01-05 16:18:55.947
2012-01-09,1279.0535,0.001675,0.020933999999999998,0.13466819477836064,1.458409865170336,-0.7974977878683822,1.2111000666800462,0.04407853909590796,-1.0739605239335295,0.0072924254918546195,0.13077134631996776,223,True,7,93,223,234730,1274.75,1281.95,0.005648166307119062,False,2012-01-09 16:16:15.534
2012-01-10,1293.0412,0.0015229999999999998,0.020710000000000003,0.12892675561840683,1.4708102814763468,-0.7472530481915477,1.2766677994936593,0.03876514166598828,-1.2506270748220998,0.009405354398613223,0.21602320583414256,245,True,7,100,245,302943,1280.77,1296.3,0.012125518242932065,False,2012-01-10 16:15:08.454
2012-01-11,1289.269,0.001675,0.020712,0.11531949372747446,1.8538627245393562,-0.7868633174528423,1.3103086096125158,0.042816677359712216,-1.2893356307564543,0.008863403096696764,0.17618674312652696,232,True,8,96,232,235676,1285.41,1293.79,0.006519320683672891,False,2012-01-11 16:17:04.080
2012-01-12,1291.4098,0.001675,0.020712,0.13526314719973873,1.2524302577386566,-0.7958633425644873,1.1084695247668037,0.04452487042627235,-0.8898893707169225,0.008153975928275105,0.15318859730160572,266,True,9,97,266,288675,1285.77,1296.66,0.008469632982570863,False,2012-01-12 16:14:58.635
2012-01-13,1284.3522,0.000967,0.020777999999999998,0.1390061629160449,1.4477239657039658,-0.8022550653257169,1.1673147852106724,0.04432193902769258,-0.9601387009032223,0.0076604187697423,0.14712519176748134,254,True,7,99,254,178159,1277.58,1294.82,0.013494262590209694,False,2012-01-13 16:16:13.565
2012-01-17,1297.3128,0.000967,0.020705,0.10376066119908622,2.7323123816732577,-0.762353411410064,1.5663612061982106,0.042923080965323025,-1.8864743496329788,0.009765914250609286,0.39194895629111515,281,True,8,102,281,283916,1290.97,1302.92,0.009256605498191295,False,2012-01-17 16:19:52.232
2012-01-18,1298.6547,0.001017,0.020491000000000002,0.10803824789201034,2.5279504268472515,-0.7506605454448607,1.7481386979645805,0.04975316744927134,-2.5097582375724254,0.009958883671575715,0.21665062500538299,313,True,9,107,313,678202,1291.14,1308.04,0.013089207986740403,False,2012-01-18 16:14:58.089
2012-01-19,1313.1668,0.001017,0.020395,0.11193345035825483,2.814700893605683,-0.7202353511261071,1.9230340871457445,0.033595157733282505,-3.067941734828972,0.008704198102105914,0.16458387405104452,243,True,8,91,243,359925,1308.07,1315.47,0.0056571895999451005,False,2012-01-19 16:19:09.254
2012-01-20,1311.6792,0.001017,0.020383,0.1090870101403236,3.111218277102087,-0.6987301479687055,1.9615323720980429,0.027070705832338234,-3.1688222473025838,0.009521186595968852,0.24934913546874635,241,True,7,95,241,434863,1309.2,1315.38,0.004720439963336487,False,2012-01-20 16:16:15.514
2012-01-27,1315.6682,0.0010680000000000002,0.020481,0.10800392713606531,2.2526510615719175,-0.6603775486802865,1.626614814575621,0.026811839418456922,-2.1592854327628945,0.010741561816274373,0.24422065202423976,293,True,9,94,293,274444,1311.72,1319.99,0.006304699173604211,False,2012-01-27 16:19:45.886
2012-01-30,1307.1162,0.001119,0.020534,0.08964312232896633,3.7880476899469397,-0.6575443782747072,1.96066251545997,0.03033673909881261,-3.1650526546140734,0.01125780455103372,0.3010387377907478,327,True,8,103,327,256070,1300.54,1316.16,0.01201039568179385,False,2012-01-30 16:19:16.467
2012-02-06,1341.6754,0.001527,0.020125,0.10238615552414566,1.8995066688461208,-0.6876608154708576,1.4682839057652834,0.026164631253942135,-1.7668912574980942,0.008748520123276012,0.17453686192691453,207,True,9,81,207,170856,1337.52,1344.33,0.005091512650278185,False,2012-02-06 16:18:29
2012-02-07,1343.7008,0.00198,0.020097999999999998,0.10170860960679444,1.515004693048257,-0.7416511492594143,1.1574418001239257,0.027492147550654062,-1.0314934789187005,0.008853967690516855,0.25575389046901426,306,True,10,102,306,226987,1336.07,1349.24,0.00985726795751729,False,2012-02-07 16:16:46.406
2012-02-08,1347.3485,0.001573,0.020081,0.0996945386347813,1.708203037111694,-0.7416707108291597,1.29611273705934,0.02897141657978667,-1.3393111998086886,0.010082859161693996,0.30026205629505076,298,True,10,109,298,208666,1342.2,1351.0,0.006556399940396362,False,2012-02-08 16:18:31.520
2012-02-09,1350.3661,0.001573,0.020081,0.0878133010431108,2.57620523737211,-0.724812190151175,1.4983709114487533,0.029306600365736686,-1.7926652161593761,0.008891193655576836,0.28991254376130243,285,True,9,98,285,295120,1344.87,1354.28,0.006996958813863197,False,2012-02-09 16:17:40.043
2012-02-10,1340.6152,0.0015229999999999998,0.0202,0.10476102283975465,2.2880799734883177,-0.7494631368332315,1.6222228029332146,0.038749992694451035,-2.1522036256329056,0.009528884433183143,0.3046087758421929,272,True,10,95,272,358125,1337.38,1351.21,0.01034111471683441,False,2012-02-10 16:18:23.063
2012-02-13,1350.1142,0.0016289999999999998,0.020104999999999998,0.10098965380721377,2.7284568591955725,-0.7346106203280985,1.8224439526710676,0.03289540975741883,-2.770210133351187,0.008128449093435247,0.22673607709462884,248,True,8,88,248,363424,1343.06,1353.32,0.007639271514303214,False,2012-02-13 16:19:27.111
2012-02-14,1346.5697,0.0016289999999999998,0.020155,0.11442912360019952,2.1905389749221733,-0.7490855565816366,1.6320644134801388,0.03524242168360827,-2.1623113395234217,0.008496945403782364,0.15833298786106756,289,True,9,98,289,338628,1340.87,1351.3,0.007778531848725123,False,2012-02-14 16:18:24.797
2012-03-22,1392.6789,0.001827,0.019764999999999998,0.09801107865757426,1.9476871522568238,-0.7461121311462168,1.3856282279488534,0.021424595646299033,-1.538175748728299,0.008660088173721445,0.2870119654638709,302,True,11,99,302,337154,1388.83,1402.89,0.010123629241880039,False,2012-03-22 16:18:08.628
2012-03-23,1394.4228,0.001726,0.019704,0.08395862070766544,2.8493070049380136,-0.7198730041300807,1.6727346795703852,0.015163355637398785,-2.31959353602287,0.010374228614384858,0.33110124434803423,295,True,9,113,295,190566,1386.94,1399.13,0.008789132911301234,False,2012-03-23 16:16:54.185
2012-03-26,1411.9232,0.001726,0.019406,0.09780677980108536,1.6613900793376695,-0.7270446416657202,1.3262980010771,0.01559763728308672,-1.4340759603541366,0.00887470403962683,0.31137421511912156,343,True,10,108,343,309318,1397.11,1416.58,0.01393591055822374,False,2012-03-26 16:18:28.121
2012-03-27,1416.4239,0.0016239999999999998,0.019479,0.07840574320292852,2.513606405829689,-0.7026945005077949,1.5774004535288981,0.016895056248416213,-2.094029834055736,0.010122205888192327,0.3605820560422205,288,True,9,100,288,304449,1411.95,1419.12,0.005078083501540265,False,2012-03-27 16:19:44.962
2012-03-28,1406.8297,0.001675,0.019617,0.09286374502156235,1.7208095279043494,-0.7336787889645192,1.297629386492153,0.022812436156323862,-1.3642403902280327,0.009713407436956353,0.3253199474168987,357,True,10,124,357,381107,1397.28,1413.65,0.011715618916752657,False,2012-03-28 16:18:31.403
2012-03-29,1396.2133,0.001675,0.019652,0.07897336495609815,2.7672707744231104,-0.7450429803130693,1.515972817880216,0.021944059657788544,-1.8610922149499616,0.009167611303377687,0.2865575576132888,321,True,10,116,321,273890,1391.83,1405.39,0.009742569135598567,False,2012-03-29 16:17:43.631
2012-03-30,1407.9753,0.001675,0.019583,0.0759639166097628,2.947076748991203,-0.732372658160523,1.6425130715956784,0.01722835592545476,-2.250106205556793,0.009133908381286797,0.3042112096901388,297,True,11,99,297,316028,1401.42,1410.89,0.006757431747798748,False,2012-03-30 16:15:17.881
2012-04-09,1382.304,0.001573,0.020052,0.11484147892921451,1.2002180632057944,-0.7955973203186613,1.088143698939881,0.032462693668594535,-0.9083870747103444,0.006839283369021368,0.1973824910005748,268,True,10,109,268,232259,1378.24,1397.45,0.013938065939168798,False,2012-04-09 16:16:51.950
2012-04-10,1365.5753,0.001573,0.020405000000000003,0.1426006076894939,0.8521649496006912,-0.7932912339973845,1.0008535749529255,0.039443420691132276,-0.7586693991665601,0.010230168883076403,0.1911734847224348,385,True,9,130,385,394522,1357.46,1382.99,0.018807184005421806,False,2012-04-10 16:19:48.951
2012-04-11,1371.091,0.001573,0.020405000000000003,0.12444107859064063,1.361202912582265,-0.7657141193146643,1.2360556379753112,0.035011871895446654,-1.1890544229256363,0.008150851351881767,0.2343724793417977,246,True,9,99,246,279147,1358.98,1374.59,0.011486556093540656,False,2012-04-11 16:18:32.956
2012-04-13,1376.815,0.0016239999999999998,0.020259999999999997,0.1139647671521695,1.5520339357686213,-0.7691817357184058,1.2158082282590401,0.03204170212042374,-1.124435275698114,0.00771479870600788,0.24139583721719318,253,True,9,97,253,167347,1369.91,1387.61,0.012920556824900675,False,2012-04-13 16:19:03.051
2012-04-12,1384.1083,0.001675,0.020005000000000002,0.12122061688870758,1.3346902239812786,-0.7691432091317342,1.2121478136915604,0.03215607495440913,-1.145718377624554,0.008202798307590239,0.21351510746717317,300,True,9,111,300,275685,1368.77,1388.07,0.014100250589945684,False,2012-04-12 16:19:21.762
2012-04-16,1370.1254,0.0016239999999999998,0.02027,0.13261496639454598,1.2476192506628658,-0.7447560654562001,1.2665896117011837,0.03608120353118159,-1.273343274469666,0.008352366960752792,0.21211266574471674,261,True,7,100,261,219127,1365.38,1379.62,0.010429331028724453,False,2012-04-16 16:14:38.995
2012-04-17,1387.04,0.0016239999999999998,0.019962,0.1360264284991091,0.9719631477023591,-0.7779604740323632,1.0722283008572533,0.03121310621500626,-0.8852481779298245,0.006608770080982589,0.18817820475989636,275,True,9,107,275,240730,1369.57,1392.76,0.01693232182363813,False,2012-04-17 16:15:52.314
2012-04-18,1387.5777,0.001573,0.020043000000000002,0.10409740163643172,1.9931866406881629,-0.7076975512971481,1.5400381488645922,0.030871732087876934,-1.9567463994141083,0.009739511566969852,0.4008040707197924,231,True,7,99,231,289100,1383.33,1390.78,0.005385555145916099,False,2012-04-18 16:19:19.500
2012-04-19,1380.2635,0.001573,0.020168,0.11983665955068232,1.436141005873238,-0.7233458036379313,1.3323195330868762,0.03116950213516575,-1.4308706566696205,0.009034073170540858,0.25373525142587916,271,True,8,111,271,271492,1370.32,1390.33,0.014602428629808983,False,2012-04-19 16:16:12.247
2012-04-20,1383.9303,0.001573,0.020146,0.12123766668480897,1.439240700989311,-0.7262198628591456,1.315645508859941,0.02583514471228608,-1.3819427362118273,0.007812814952182785,0.2096041753418159,261,True,7,98,261,319344,1376.96,1387.4,0.007581919590982977,False,2012-04-20 16:17:30.753
2012-04-23,1363.399,0.001573,0.020321,0.1117807466510184,1.5481181718931396,-0.7419409125359232,1.2522569860820756,0.035696465924122095,-1.222047948874914,0.009541179166290013,0.23734646047627486,316,True,9,100,316,316719,1358.79,1378.53,0.014527631201289415,False,2012-04-23 16:16:58.883
2012-04-24,1372.3339,0.001675,0.020246,0.12920922350742572,1.1097620664106942,-0.7663499855843671,1.0566155491654192,0.030745520308680933,-0.8296534289802964,0.006831003278288729,0.17435895069166146,256,True,9,89,256,234561,1366.82,1375.51,0.006357823268609009,False,2012-04-24 16:15:17.972
2012-04-25,1388.2805,0.001675,0.019986999999999998,0.0952189757320373,1.9599421089437004,-0.7253091570518081,1.3565144670221954,0.023558639888026957,-1.4668841390250942,0.009947529834185717,0.30722164128018625,274,True,10,102,274,293138,1372.11,1391.29,0.013978471113831992,False,2012-04-25 16:19:58.797
2012-04-26,1395.5773,0.0016239999999999998,0.01986,0.10205083579208422,1.6493657770441592,-0.7062826120461622,1.3348594944126773,0.021485267881361028,-1.4452115576752347,0.009816679786814332,0.33406803260734863,327,True,10,106,327,345179,1387.63,1402.08,0.010413438740874525,False,2012-04-26 16:17:13.220
2012-04-27,1401.5357,0.001675,0.019817,0.08873079997236173,2.12388107000884,-0.6610358768416326,1.5159959905821907,0.019837624290586275,-1.9213365106851976,0.010775644102757963,0.36030947840764543,275,True,12,93,275,260465,1397.31,1406.64,0.006677115314425608,False,2012-04-27 16:18:46.261
2012-04-30,1396.9849,0.001726,0.019905,0.08527945388626512,2.598779677179573,-0.6351950703891548,1.7412997928178984,0.022572081924627042,-2.5888799451864593,0.009097618026781502,0.24585038257852337,237,True,10,82,237,192249,1394.03,1403.26,0.006621091368191445,False,2012-04-30 16:17:03.401
2012-05-01,1408.9467,0.0009660000000000001,0.019793,0.08857725803943599,2.097894429332583,-0.6950431231371675,1.4983550336130012,0.021356266950508674,-1.873416334340443,0.009231979373272884,0.3171094020347255,357,True,11,102,357,279953,1396.05,1415.31,0.013796067476093299,False,2012-05-01 16:17:41.341
2012-05-02,1399.3168,0.0009660000000000001,0.019793,0.09420687870365964,2.042533042304043,-0.701034944884284,1.5508318111182278,0.02374274534535025,-2.0202379812471345,0.009715810192419605,0.2740431188980935,294,True,11,96,294,290918,1393.92,1405.5,0.008307506887052396,False,2012-05-02 16:19:47.687
2012-05-03,1395.6157,0.001578,0.020057000000000002,0.07725637455824962,3.122950962161139,-0.6696840503228698,1.7680499506677738,0.02360725402650738,-2.6434648895367836,0.009336147121958236,0.2621703483305026,292,True,9,93,292,203719,1388.75,1403.07,0.01031143114311428,False,2012-05-03 16:19:08.754
2012-05-04,1373.1054,0.001827,0.020387,0.07894891785833114,3.1728102284017843,-0.7030355619679225,1.7335308768733773,0.031155087696377464,-2.5041494328690495,0.010627088733692993,0.2726173118279339,427,True,12,110,427,426891,1367.97,1391.51,0.017207979707157373,False,2012-05-04 16:17:59.367
2012-05-07,1369.2045,0.001878,0.020381999999999997,0.11611098942188743,1.131261441327418,-0.7422887123376192,1.083009697591094,0.033273457973133774,-0.9102062345816386,0.0083072491847425,0.19109827586487216,281,True,10,101,281,159482,1363.97,1373.85,0.007243561075390037,False,2012-05-07 16:17:31.471
2012-05-09,1353.5345,0.001573,0.020638,0.12248526980238586,1.0519995305081,-0.7605856029787186,1.0240009569757025,0.03864551478973626,-0.7908690672346188,0.0071475477078963,0.14870395565268169,336,True,9,107,336,205721,1343.13,1363.7,0.015314973234161977,False,2012-05-09 16:19:17.090
2012-05-08,1354.1122,0.001878,0.020381999999999997,0.12981178290832301,0.9511130486605038,-0.7362210594216723,1.044051879280953,0.03689831521540449,-0.8431129654421085,0.0074668293051999715,0.18509377104926014,343,True,10,111,343,252056,1347.8,1369.16,0.01584804867190992,False,2012-05-08 16:14:57.417
2012-05-11,1358.1765,0.001726,0.020621999999999998,0.13020686009936064,1.025480909292061,-0.740147189798345,1.058208772384914,0.03403103162126413,-0.8527565073708737,0.006505039194534849,0.15119378429235314,271,True,8,91,271,163016,1349.02,1365.64,0.012320054558123683,False,2012-05-11 16:15:20.592
2012-05-10,1360.558,0.0016239999999999998,0.020596999999999997,0.11839067469698507,1.0332862664995295,-0.7445408918122277,0.9946865241270283,0.03456113749311034,-0.7447383647878932,0.007008400783034182,0.19228157063940413,284,True,10,101,284,315451,1354.58,1365.77,0.008260863145772124,False,2012-05-10 16:14:27.606
2012-05-14,1340.7628,0.001777,0.020866,0.11839506214311135,1.2486636320860967,-0.7632124319585467,1.1267532415717705,0.04354586863375852,-0.9739016507591396,0.007454750675862475,0.20725389504910097,376,True,10,114,376,348408,1336.63,1351.93,0.011446698039098369,False,2012-05-14 16:19:35.757
2012-05-15,1337.9286,0.001777,0.021016,0.11699061935051804,1.3928784384735335,-0.7625243732194082,1.1624366928689722,0.044718444275420606,-1.0253516425341511,0.008002603671601455,0.18962467470589295,391,True,10,118,391,363937,1328.41,1344.93,0.012435919633245751,False,2012-05-15 16:17:56.049
2012-05-16,1333.0062,0.001827,0.021145,0.13559014921737567,1.1988312391662495,-0.7634332999104377,1.1741848833262973,0.04638034984143307,-1.0536107270219843,0.008501798942948283,0.1893131766199315,392,True,10,110,392,603932,1324.8,1341.75,0.012794384057970953,False,2012-05-16 16:19:20.697
2012-05-17,1315.9622,0.001878,0.021494,0.12406580193635434,1.7544343691954527,-0.7631920325022921,1.4205701161717015,0.05359055643506446,-1.5826888410422097,0.009345269034787015,0.1999671896784915,452,True,10,123,452,524983,1304.86,1326.36,0.016476863418297683,False,2012-05-17 16:19:10.292
2012-05-18,1303.4259,0.001878,0.021661,0.13314023417326296,1.8606262291848212,-0.7618989203184209,1.5531430349517075,0.058526650129985265,-1.9168048632938361,0.01005875758994656,0.19013092191941755,481,True,10,127,481,551179,1291.98,1312.18,0.015634916949178734,False,2012-05-18 16:16:25.202
2012-05-21,1307.9247,0.001878,0.021326,0.13723852385825971,1.7866189142101345,-0.7635884969691878,1.5588357294896786,0.05217566306589362,-1.9395829465667274,0.011825048285572135,0.22890256540209128,436,True,11,115,436,407099,1295.73,1315.95,0.01560510291495909,False,2012-05-21 16:18:44.199
2012-05-24,1317.8517,0.001878,0.021291,0.1547771441843373,1.33680534390328,-0.7806445110659425,1.3380913025405643,0.04808041612549866,-1.3766745070152828,0.010849794162791549,0.21610309542399508,381,True,10,113,381,371908,1310.5,1324.13,0.010400610454025294,False,2012-05-24 16:19:41.822
2012-05-23,1304.8663,0.001878,0.021284,0.16978201499012174,1.150012440009806,-0.7722011611697233,1.3397238283054504,0.05221392959767763,-1.4043570774722691,0.012610576657162854,0.43303438916459885,442,True,11,119,442,343314,1296.53,1320.62,0.01858036451142664,False,2012-05-23 16:19:35.389
2012-05-25,1320.4847,0.001878,0.021364,0.14742368307522158,1.889166252070539,-0.7467499875643704,1.6117584427926301,0.03989815135469046,-2.040749584270021,0.010319640488095942,0.2579564086149249,337,True,9,108,337,247078,1314.26,1324.12,0.007502320697578835,False,2012-05-25 16:18:47.890
2012-05-29,1329.2614,0.001827,0.021156,0.1137720814266397,2.7927744682428415,-0.7594358191150731,1.7855045189915895,0.04039758975268524,-2.552546858925057,0.01089904039092239,0.32716163757683825,375,True,11,115,375,365725,1318.9,1334.93,0.01215406778375927,False,2012-05-29 16:19:34.235
2012-05-30,1315.0136,0.001726,0.021497000000000002,0.12199692597134983,2.393725945664406,-0.7340592241968684,1.7631088819655396,0.05012020192090586,-2.5244985156879354,0.010681307311650554,0.35977462505538316,339,True,9,101,339,300574,1310.76,1331.25,0.01563215233910098,False,2012-05-30 16:18:50.263
2012-05-31,1308.4651,0.001777,0.021560000000000003,0.1261724065636176,2.239519751647771,-0.7604111460965971,1.6726697103531927,0.05512695502532619,-2.2326927667087246,0.013161676838046612,0.46397837808642123,436,True,11,123,436,433594,1298.97,1319.74,0.01598959175346626,False,2012-05-31 16:18:38.142
2012-06-04,1274.2404,0.001827,0.022119,0.14723116208119483,1.5423918900315103,-0.791832902458267,1.4260591132448932,0.07256854146904193,-1.579468293760912,0.01076878656398949,0.23714188353747848,435,True,13,120,435,267079,1266.74,1282.55,0.012480856371473115,False,2012-06-04 16:16:45.392
2012-06-01,1285.0416,0.000916,0.022105,0.14817893689231704,1.7976742494522315,-0.7491424015602143,1.700243354242743,0.06651097514516349,-2.3580725453215625,0.015359136084333744,0.3855404305494986,573,True,15,129,573,617341,1277.25,1309.87,0.02553924447054201,False,2012-06-01 16:18:54.474
2012-06-05,1282.2448,0.001827,0.022119,0.17369240806724728,1.0426991958927025,-0.795767682371708,1.2333363005661666,0.06190312452681662,-1.158900561845466,0.009577353105404095,0.25504764187734597,433,True,13,118,433,229068,1274.3,1287.44,0.010311543592560701,False,2012-06-05 16:18:13.062
2012-06-06,1307.3026,0.001726,0.021529,0.1505075490012414,1.2272712742090728,-0.7659958748650122,1.275181666246611,0.05231226106227143,-1.256661099049807,0.011305537884191216,0.2598440446883771,457,True,12,126,457,381381,1285.61,1315.13,0.022961862462177685,False,2012-06-06 16:15:24.935
2012-06-07,1322.1477,0.001827,0.021535000000000002,0.15263249303453838,1.2420229675986938,-0.760507221178176,1.3128265810859512,0.04373160158880525,-1.344367508104339,0.011066944843109824,0.25397943558146563,452,True,12,122,452,358580,1312.98,1329.05,0.012239333424728382,False,2012-06-07 16:19:07.126
2012-06-08,1317.6331,0.0016239999999999998,0.021368,0.14542017487568967,1.4043531492520749,-0.7803221259058662,1.3485260742950644,0.04298832024108357,-1.410080011950733,0.012171666453545322,0.7113004011298375,373,True,11,116,373,208568,1307.78,1325.75,0.013740843261099034,False,2012-06-08 16:18:44.638
2012-06-11,1320.9637,0.001777,0.021646000000000002,0.13143621455395502,1.7680729695956376,-0.6918781454040176,1.6710035866481159,0.04638096857166327,-2.327475350233226,0.01656140785104132,0.4374080898066305,392,True,12,124,392,229245,1307.87,1335.38,0.02103420064685335,False,2012-06-11 16:19:25.845
2012-06-12,1314.9252,0.001675,0.021398999999999998,0.11866076982213737,2.150468298523749,-0.7424500771812671,1.6241354065354128,0.05572929345143454,-2.1274633712000908,0.014590450716605067,0.33273232018687027,408,True,12,119,408,211815,1306.62,1324.31,0.013538748832866432,False,2012-06-12 16:18:08.975
2012-06-13,1321.1269,0.001675,0.021601,0.12883073770042855,2.2368516837336934,-0.7376820274245053,1.790763363004932,0.056840420936362955,-2.6304829171970194,0.013660176041955652,0.30067796512747197,448,True,11,125,448,223105,1310.51,1327.25,0.01277365300531863,False,2012-06-13 16:16:15.641
2012-06-15,1337.8592,0.0016239999999999998,0.021135,0.15862179811610722,1.2822083386446492,-0.7895666457411064,1.4294387921408054,0.04675736799262836,-1.636522876006403,0.008503323840270765,0.1925181669715758,380,True,12,104,380,357316,1329.19,1343.32,0.01063053438560324,False,2012-06-15 16:18:45.815
2012-06-18,1342.9651,0.001675,0.02106,0.10339724570266848,3.223211796811543,-0.7586804946438775,1.916208514445601,0.03276027219948653,-3.0053126266204915,0.012801055165539242,0.23616287454181564,352,True,11,104,352,325455,1334.63,1348.22,0.010182597424005069,False,2012-06-18 16:15:25.767
2012-06-19,1358.3408,0.001675,0.020857999999999998,0.11620160854930568,2.3026065418868447,-0.7570113349726457,1.744812378134843,0.02505442955974977,-2.5092370668457553,0.011086227902544765,0.3219438559436876,423,True,12,111,423,412125,1344.83,1363.46,0.013853052058624638,False,2012-06-19 16:16:20.192
2012-06-21,1340.2532,0.001726,0.021389000000000002,0.0946839986755443,3.6321348923464507,-0.7126473329629543,1.9020364308058828,0.02617426483256798,-2.9299324734401226,0.012356111868225049,0.2417639287656716,442,True,11,114,442,382296,1324.41,1358.27,0.02556610113182467,False,2012-06-21 16:16:36.518
2012-06-22,1331.5695,0.001726,0.021237,0.13724037188002186,1.4170869289383492,-0.7191425617938965,1.2811855435457433,0.02909431642089227,-1.2524733227629676,0.009558447946497314,0.25915901970541605,325,True,12,98,325,306485,1325.92,1337.79,0.008952274647037406,False,2012-06-22 16:19:35.250
2012-06-25,1313.6786,0.001726,0.021602999999999997,0.15187880880671448,1.0890816215802943,-0.7242711973869179,1.1827419244295845,0.039047071983115834,-1.0680616210455969,0.010541671850477571,0.2902487524829431,400,True,13,108,400,317120,1309.31,1334.9,0.019544645653053916,False,2012-06-25 16:16:23.311
2012-06-26,1318.27,0.001827,0.021503,0.15041123836104742,1.0995163895299527,-0.7150206686961558,1.1537623820448002,0.03487796908869181,-1.0004083907267554,0.00929391319590945,0.23362859485977386,366,True,11,107,366,204787,1310.36,1324.24,0.010592508928844113,False,2012-06-26 16:16:34.225
2012-06-27,1330.7276,0.00198,0.021342,0.11246554291135075,1.9431979206401429,-0.728143630194423,1.3251714055980788,0.03179340317391462,-1.3189936359567849,0.011073093052261278,0.27825721944986126,346,True,10,107,346,265687,1320.71,1334.24,0.010244489706294324,False,2012-06-27 16:18:37.718
2012-06-28,1319.1467,0.002031,0.021516999999999998,0.12496781074633043,1.5924098860867348,-0.7400091068484105,1.2203938467146187,0.03526487030670399,-1.091361186548759,0.009400790715715214,0.20546046104829593,402,True,13,109,402,204080,1313.41,1331.52,0.013788535187032158,False,2012-06-28 16:16:59.611
2012-07-02,1360.6562,0.0012720000000000001,0.020972,0.09736582382689239,2.254343929555352,-0.6698331334419557,1.4941514188421308,0.022758898197577905,-1.793496354647331,0.01003888170336678,0.29807855555417645,391,True,13,93,391,387803,1355.8,1366.35,0.0077813836849092155,False,2012-07-02 16:16:44.699
2012-06-29,1354.8166,0.002031,0.020989,0.10896842956712394,1.7649756349972183,-0.6933863071771376,1.368918718434815,0.02508152089055279,-1.4892852113414479,0.011946658287725629,0.3282571445711014,479,True,13,114,479,404642,1330.12,1362.17,0.024095570324482063,False,2012-06-29 16:18:01.389
2012-07-03,1371.06,0.001726,0.020868,0.0793685835989552,3.264527488921378,-0.661441728268088,1.7079538915495327,0.018178523536489206,-2.3989046498281055,0.01061915259397822,0.30817243160995417,356,True,12,95,356,221753,1363.83,1374.78,0.008028859901894059,False,2012-07-03 13:15:48.899
2012-07-05,1369.2744,0.001726,0.020968,0.07763872041246625,3.712191574135607,-0.647108604162772,1.8301287071061754,0.022014205649046725,-2.7729514770904666,0.010796815652152313,0.2784980882354117,386,True,13,105,386,291447,1363.07,1373.85,0.007908618046028382,False,2012-07-05 16:15:44.719
2012-07-09,1350.015,0.0016239999999999998,0.021217,0.10629383074154895,1.6229654897471013,-0.7230327221550058,1.1663951385002804,0.027281093234499024,-1.0154551809839814,0.008566762280543158,0.18206399426477796,302,True,12,96,302,179452,1346.69,1354.66,0.0059182142883662525,False,2012-07-09 16:19:42.244
2012-07-06,1352.6006,0.001675,0.021182,0.07728988718417705,4.039420789476393,-0.6399335505777238,1.8449949094953477,0.022815045966457507,-2.7795934618476466,0.011680444797287732,0.3224644282169616,394,True,13,101,394,240200,1348.03,1367.09,0.014139151205833755,False,2012-07-06 16:15:29.747
2012-07-11,1339.9115,0.001675,0.021402,0.08208000853379964,2.7426902823132653,-0.7135338304146455,1.3381040328459213,0.02984653122162162,-1.340282319162834,0.009834986083986667,0.24703592156032791,336,True,11,106,336,195324,1333.45,1344.9,0.008586748659492383,False,2012-07-11 16:16:19.342
2012-07-10,1348.4309,0.0016239999999999998,0.021217,0.07780687184829452,3.3615635518301508,-0.6922512681527565,1.5724817866070129,0.027916831887338196,-1.9495934802364905,0.010892702558642659,0.2208696387912256,419,True,12,118,419,208579,1336.27,1361.49,0.01887343126763308,False,2012-07-10 16:14:42.071
2012-07-12,1331.1709,0.001675,0.021511999999999996,0.0858676251237695,3.1289289289561593,-0.6714466127144983,1.67624603648939,0.02915960128698948,-2.27245338222534,0.013354491371075384,0.3367439257323299,405,True,12,118,405,243574,1325.46,1341.29,0.011943023554086718,False,2012-07-12 16:14:15.582
2012-07-13,1351.6643,0.001675,0.021166,0.09857689203979053,1.6439189113443324,-0.7045991449182194,1.1305091712209332,0.024865591180858352,-0.9539461521231207,0.00888113938592213,0.22797602663685898,395,True,11,110,395,273186,1334.81,1357.59,0.017066099295030668,False,2012-07-13 16:16:53.986
2012-07-16,1353.5117,0.0016239999999999998,0.021215,0.08976243487692699,2.0531618494081822,-0.6352771453104858,1.3598918549077514,0.0248015758818446,-1.480712243445859,0.011793098755508049,0.29847679611010863,342,True,11,103,342,203324,1348.66,1357.26,0.006376699835392019,False,2012-07-16 16:16:20.886
2012-07-20,1366.1785,0.001522,0.020985,0.0837133383744256,2.6284834100766923,-0.6584837954759334,1.3778333664009927,0.021240574684380314,-1.458346543329264,0.007109613537487346,0.18640203856479073,338,True,10,96,338,281169,1362.2,1376.51,0.010505065335486563,False,2012-07-20 16:19:01.647
2012-07-23,1344.0783,0.001522,0.021176,0.08443082472714576,3.0942939290299485,-0.7189805718785955,1.5191220701637995,0.033313386716353456,-1.7852242873063502,0.010410401591600199,0.194639457900702,450,True,11,114,450,274284,1337.59,1362.34,0.01850342780672709,False,2012-07-23 16:15:53.913
2012-07-24,1337.0053,0.0016239999999999998,0.021369,0.09354323921513014,2.4629057533920227,-0.7106004981997273,1.3551942171737756,0.034955063311026185,-1.3757750021535018,0.009090608283247661,0.20292292604624904,448,True,12,115,448,289103,1329.47,1351.53,0.016593078444793852,False,2012-07-24 16:19:10.984
2012-07-25,1337.8249,0.001675,0.021377999999999998,0.08335890514032762,3.917219334269371,-0.7225513206106399,1.816778326351194,0.03354021062675596,-2.6476132573010105,0.009621530735261102,0.20494615280450512,403,True,11,118,403,276079,1331.5,1343.98,0.009372887720615841,False,2012-07-25 16:17:33.137
2012-07-26,1357.7563,0.001675,0.021031,0.0710694059735493,5.20757322931116,-0.6789663091836423,1.993097238935961,0.02310457994711023,-3.2322383319123467,0.00941627458625542,0.20273229772268567,421,True,12,113,421,305997,1338.17,1363.11,0.018637392857409507,False,2012-07-26 16:19:38.721
2012-07-30,1385.1462,0.001675,0.020776,0.08204175761556766,3.062338171819581,-0.6211681260950573,1.6745488468657352,0.024128640211561064,-2.301634628480718,0.010017024127734616,0.2631854905255564,385,True,12,96,385,289068,1381.37,1391.74,0.007507040112352259,False,2012-07-30 16:17:53.972
2012-07-27,1379.8243,0.001675,0.020647000000000002,0.08944750562047582,2.331347817649645,-0.6928320983257782,1.3632871166768452,0.022154180178258133,-1.441485268452065,0.008208641529795913,0.22434373465132793,484,True,12,114,484,450749,1360.05,1389.19,0.02142568287930602,False,2012-07-27 16:19:05.715
2012-07-31,1382.8925,0.001573,0.020891000000000003,0.08438884410344415,2.8154839911005105,-0.6130005870506646,1.5885426414622226,0.02879434234744723,-2.048276844542328,0.00967674680479856,0.25227481563757803,358,True,10,95,358,262516,1379.17,1387.13,0.005771587259003619,False,2012-07-31 16:14:59.646
2012-08-01,1380.2562,0.001573,0.020891000000000003,0.07946975258532774,3.1903534039224297,-0.598874718892003,1.6602926122792974,0.02941153803132628,-2.2494983670502657,0.010642216021217881,0.264094243760357,366,True,10,96,366,300570,1373.35,1384.99,0.008475625295809586,False,2012-08-01 16:15:10.220
2012-08-02,1363.9809,0.001374,0.021145,0.06965686682646599,4.261097235625702,-0.6403854566089214,1.6918002692282461,0.027057562732325815,-2.2685587856075617,0.011503409392868261,0.29856249082536446,475,True,10,113,475,369949,1354.85,1375.13,0.014968446691515869,False,2012-08-02 16:16:55.643
2012-08-06,1398.1124,0.001675,0.020711,0.07937056933934052,2.8107933880146323,-0.6147673838643428,1.4914887984591525,0.016719888362194513,-1.7783502929251758,0.009956150393487085,0.24384982897554555,330,True,11,105,330,214181,1391.04,1399.63,0.0061752357948010594,False,2012-08-06 16:16:02.508
2012-08-07,1404.0858,0.001675,0.020711,0.1125269262294612,1.3205830822800753,-0.6454609366508678,1.0974879726551867,0.01866587392277449,-0.9072775399635827,0.008208912403952983,0.19230004665115571,369,True,12,98,369,278551,1394.46,1407.13,0.009085954419632003,False,2012-08-07 16:14:43.233
2012-08-08,1400.7856,0.001726,0.020535,0.08444537163888612,2.4675408500661526,-0.652043349715966,1.2781577228867127,0.016633258352676226,-1.2169423563390083,0.009783625448975158,0.3109017715523473,305,True,11,92,305,156656,1396.3,1404.14,0.005614839217933154,False,2012-08-08 16:17:30.987
2012-08-09,1403.1644,0.001726,0.020535,0.07558249449237137,3.4602454459222813,-0.580596088230479,1.679038976176692,0.011760717094806729,-2.296103918803126,0.011373023773854407,0.2637830233773395,326,True,13,83,326,170930,1398.8,1405.93,0.005097226193880644,False,2012-08-09 16:16:20.209
2012-08-10,1400.5476,0.0016239999999999998,0.020849000000000003,0.07437622808846359,3.500428928950022,-0.610108862240698,1.6013969667447774,0.01155579072215235,-2.043774844245287,0.009835107662677787,0.2914155735647707,332,True,10,103,332,144178,1395.79,1405.95,0.007279031946066494,False,2012-08-10 16:16:19.042
2012-08-13,1401.9352,0.001726,0.020893000000000002,0.06281140522506315,5.28206286523268,-0.581602466917734,1.9699511276495427,0.010467877616787927,-3.2171598632229292,0.01122629756251137,0.3296444826962076,335,True,11,92,335,367163,1397.32,1405.87,0.006118856095955083,False,2012-08-13 16:19:34.504
2012-08-14,1406.6735,0.001777,0.020931,0.06855249806752588,4.537304629836769,-0.5926203345779524,1.899441703393385,0.011754991678399777,-2.9857916508526414,0.012404503856579525,0.295815911182099,392,True,13,100,392,259598,1400.6,1409.72,0.006511495073540097,False,2012-08-14 16:16:15.557
2012-08-15,1405.1751,0.001777,0.020950000000000003,0.07244403462449724,4.412081353576471,-0.5944192626505839,1.9657721256627416,0.010926294631131407,-3.2250021013434287,0.012927234017646236,0.28965233424059933,324,True,12,92,324,214928,1401.95,1407.73,0.004122828916865773,False,2012-08-15 16:16:54.186
2012-08-17,1416.225,0.001777,0.020771,0.08291414437199174,2.9698411619367775,-0.6281670612411281,1.5466528463332145,0.010528328478235824,-1.899651349345215,0.008804059437456787,0.2954082722555158,297,True,10,92,297,276002,1414.68,1418.66,0.0028133570842876487,False,2012-08-17 16:18:13.106
2012-08-20,1415.5756,0.001777,0.020775000000000002,0.08044185125317664,3.5659444916406753,-0.6459555560647737,1.7613327409671704,0.010484785867568217,-2.528590671655638,0.008515453236907495,0.2571380785580444,349,True,12,95,349,442564,1412.13,1418.13,0.004248900596970584,False,2012-08-20 16:19:54.568
2012-08-21,1419.7868,0.001776,0.020752000000000003,0.08922255065938112,3.066943355709928,-0.647054218964077,1.8255254672370702,0.011140826707595216,-2.785262213682561,0.009522719835062124,0.2546000929542583,453,True,11,106,453,363374,1410.86,1426.68,0.01121301900968219,False,2012-08-21 16:18:09.610
2012-08-22,1410.9235,0.001827,0.020755,0.08030892919680732,4.21021507339361,-0.6612409217448327,1.9429245322381357,0.011520671480296129,-3.0987200095077814,0.008696335400363592,0.21341192912070653,389,True,12,96,389,305084,1406.78,1416.09,0.006617950212542079,False,2012-08-22 16:16:48.311
2012-08-23,1404.7168,0.001777,0.021044999999999998,0.09581878107856334,2.885674693657921,-0.6636750456935366,1.6400515252209613,0.015192264953409581,-2.136765341908484,0.007841707910019969,0.19537711124652535,418,True,11,101,418,361077,1400.53,1413.49,0.009253639693544535,False,2012-08-23 16:18:16.138
2012-08-24,1406.1997,0.001777,0.020922999999999997,0.09611946947854126,2.497459057052776,-0.6999869852212018,1.4318085109798835,0.01592448677722729,-1.5699667328978497,0.009483252657560092,0.22036536564338935,405,True,12,118,405,181701,1398.1,1413.41,0.01095057578141767,False,2012-08-24 16:16:35.042
2012-08-27,1412.2386,0.001726,0.020935000000000002,0.08800893284970526,3.5215832020632276,-0.6457223917015005,1.8879817523591402,0.013762671107419869,-2.944613538131025,0.01043273698392045,0.2619106989564939,307,True,10,89,307,185220,1409.13,1416.07,0.00492502466060607,False,2012-08-27 16:15:39.358
2012-08-28,1410.542,0.001726,0.020962,0.08198259136444982,3.87591135993869,-0.671648120202711,1.9050028368462064,0.01688762827050965,-2.993521294018729,0.009284659007543886,0.28248753772422575,333,True,11,94,333,196462,1405.6,1413.63,0.005712862834376997,False,2012-08-28 16:15:35.131
2012-08-29,1410.8754,0.001726,0.020975,0.0848204238921145,3.506264760744765,-0.6853284072740534,1.746871175206069,0.019158081078317287,-2.456753176197124,0.009033504341582775,0.20600625271564746,331,True,11,102,331,159307,1406.73,1413.92,0.005111144284972946,False,2012-08-29 16:14:55.176
2012-08-31,1407.7185,0.001573,0.021052,0.08153888336522748,4.155926015396049,-0.6638728274472626,1.8726033871509764,0.020412431285950716,-2.828904312281524,0.008581397912365485,0.23248671573586202,368,True,10,96,368,173626,1398.96,1413.05,0.010071767598787584,False,2012-08-31 16:15:36.087
2012-09-10,1435.7429,0.0016239999999999998,0.020893000000000002,0.0752937567570467,2.9617223772422276,-0.6416445504858076,1.6283113772564108,0.014356994586490566,-2.2053995327947127,0.012776941353288867,0.4057132828364952,365,True,12,100,365,219053,1429.08,1438.71,0.006738601058023486,False,2012-09-10 16:16:51.564
2012-09-14,1467.0459,0.0016239999999999998,0.020274999999999998,0.07636731837794725,2.4106231011346573,-0.584857979027826,1.6272927731658984,0.013853403043472597,-2.27989612589079,0.011298811077407106,0.30773077607764276,406,True,11,105,406,379159,1460.07,1474.51,0.00988993678385297,False,2012-09-14 16:18:10.950
2012-10-12,1431.0849,0.0016239999999999998,0.021011000000000002,0.051914578901203844,5.542539390044922,-0.6468926944915468,1.793171701141492,0.016891255441302617,-2.6399875528196377,0.008659682303974025,0.20578956829136,350,True,10,106,350,226598,1425.68,1438.4,0.008922058245889763,False,2012-10-12 16:16:08.982
2012-10-16,1452.6941,0.001675,0.020634,0.05370750941654558,4.5893717704617325,-0.6284489035496024,1.7987237742647824,0.014177539240421961,-2.7424397609491398,0.00887659418429434,0.20188982750379036,342,True,10,101,342,243286,1440.31,1455.47,0.010525511868972659,False,2012-10-16 16:16:22.890
2012-10-26,1409.9966,0.001726,0.0213,0.06383466429714985,3.6049583985939404,-0.6851725645436182,1.5943965892008045,0.02819891701297142,-2.0818578652962887,0.009120311996307598,0.2459594509237229,371,True,11,111,371,263103,1403.28,1416.65,0.009527678011515883,False,2012-10-26 16:16:42.490
2012-11-01,1423.9078,0.001017,0.021103999999999998,0.05252708146740771,5.116590345135066,-0.6051921899921444,1.886212367158163,0.023587017429256382,-3.020277978231878,0.010809527647871589,0.30553370808886243,435,True,11,122,435,358803,1412.2,1428.35,0.011436057215691742,False,2012-11-01 16:15:06.354
2012-11-05,1413.3842,0.001726,0.021313,0.05718298478993947,3.6741279491877457,-0.6587327110127718,1.4556281292744777,0.02880414385612889,-1.6986580454657267,0.009096605359879214,0.2232819854387942,429,True,12,122,429,203659,1408.17,1419.8,0.008258946007939194,False,2012-11-05 16:16:31.265
2012-11-06,1427.8657,0.001675,0.021158999999999997,0.05754241480814491,3.9500514329871574,-0.616952906425229,1.6707226284232652,0.024530099409130833,-2.3367231049846358,0.00937249416765127,0.19828703723083918,406,True,12,116,406,230786,1417.26,1433.31,0.011324668726980125,False,2012-11-06 16:15:54.402
2012-11-07,1400.7775,0.001827,0.021979000000000002,0.06710404650520191,2.5717363316413318,-0.6865144450543851,1.1994136548312198,0.029036245854037124,-1.0934452866004298,0.007871797812177853,0.18826253421042263,539,True,11,124,539,379572,1388.14,1428.27,0.02890918783408014,False,2012-11-07 16:18:56.332
2012-11-08,1389.4382,0.001827,0.021979000000000002,0.05815692924352727,5.10938888048868,-0.6740876341617495,1.7139285722592885,0.0279570192402625,-2.3432584156062726,0.009909265051778826,0.24460920581648674,570,True,14,138,570,448091,1377.51,1401.13,0.017146880966381506,False,2012-11-08 16:16:01.669
2012-11-09,1382.9213,0.001573,0.02222,0.06917762445481594,2.352098374212372,-0.71582733927681,1.0684971238729486,0.029461455758745536,-0.8162609477006699,0.008392790387799522,0.1951631603120047,504,True,12,128,504,360201,1373.28,1391.36,0.013165559827566176,False,2012-11-09 16:16:33.877
2012-11-12,1380.4077,0.001472,0.022216999999999997,0.06358685947020794,3.424816179114246,-0.6480932325823431,1.3143084046224207,0.02657017628411898,-1.2918599722758686,0.01050747209773772,0.24120484047463098,425,True,11,108,425,257054,1377.22,1384.84,0.005532885087349726,False,2012-11-12 16:18:15.096
2012-11-13,1383.0119,0.001726,0.022331,0.05767669729747387,4.359888672334747,-0.6286717435537905,1.4350761167660635,0.02171016563701447,-1.5565155025024913,0.012003897015793933,0.26566577524992313,496,True,12,118,496,279927,1371.39,1388.79,0.012687856845973622,False,2012-11-13 16:16:23.998
2012-11-14,1364.9288,0.001675,0.022722000000000003,0.05644554027134879,5.151164517970409,-0.609822122462564,1.6877684431319973,0.024518826255416768,-2.2670417891453223,0.013316526939715263,0.31419250812320104,589,True,14,138,589,477602,1352.5,1380.1,0.02040665434380773,False,2012-11-14 16:19:53.424
2012-11-19,1381.7586,0.001675,0.022366999999999998,0.05617698806249626,3.5661860377187242,-0.6307715550973365,1.34126427456292,0.01918620979697756,-1.3983146732796645,0.011267838005705856,0.3394228181403028,464,True,12,124,464,323984,1359.88,1386.89,0.01986204665117519,False,2012-11-19 16:14:47.547
2012-11-16,1353.3825,0.001675,0.022754,0.06729284512557475,2.5366132220225626,-0.6592738051299244,1.1305603706761955,0.029633864974464408,-0.9367749103573978,0.011518034801189231,0.2698806652530359,534,True,11,129,534,594957,1343.35,1362.01,0.01389064651803329,False,2012-11-16 16:19:02.186
2012-11-23,1402.2915,0.001726,0.021890999999999997,0.0586143993807231,2.721775813419032,-0.6313700522568414,1.1780730621303115,0.01797867914418985,-1.0687856306120174,0.008603972486158755,0.3396250321226706,348,True,10,114,348,234347,1391.03,1409.16,0.013033507544768952,False,2012-11-23 13:16:39.498
2012-12-04,1406.951,0.001726,0.02204,0.04629794828212704,6.371450354855105,-0.5866342833203891,1.7856772492578512,0.02446502761031716,-2.5986730804946427,0.009773034764991544,0.21718275103632625,366,True,9,108,366,362490,1403.99,1413.14,0.006517140435473356,False,2012-12-04 16:19:20.501
2012-12-03,1414.5346,0.001777,0.021968,0.048751183671677405,5.515423478393139,-0.5684723560208182,1.81655770818846,0.020956739265188363,-2.762115061134459,0.011272945357452867,0.27753246519009017,414,True,10,117,414,331115,1408.56,1423.68,0.010734367013119916,False,2012-12-03 16:18:28.920
2012-12-10,1419.6034,0.001726,0.022262,0.042405232766543836,7.854442006989769,-0.5503582505178881,1.9014066760710417,0.02138479835225135,-2.9492084646920858,0.0124139573213374,0.27136064744293575,314,True,11,89,314,195704,1415.75,1421.62,0.004146212254988457,False,2012-12-10 16:16:37.257
2012-12-17,1424.9508,0.0013189999999999999,0.022209,0.05095510850970737,3.8695216382804416,-0.61160201584042,1.3367702011077973,0.026135186440386135,-1.3926107806513,0.008920047100471996,0.193788661251664,314,True,10,106,314,168672,1413.54,1430.67,0.012118510972452201,False,2012-12-17 16:19:13.937
2012-12-18,1441.5591,0.0015229999999999998,0.022011,0.05134768388402194,4.364196398404105,-0.5827185468172202,1.653303149351995,0.02128219830921486,-2.285228549511143,0.009309299418803759,0.24279860807062806,410,True,10,116,410,294289,1430.47,1448.0,0.012254713485777335,False,2012-12-18 16:16:22.192
2012-12-28,1408.9909,0.0013700000000000001,0.022795,0.055826623124000406,5.172566287447806,-0.70767590330663,1.6530697388801225,0.04343136009620031,-2.155105744174679,0.00896659989012108,0.21923937967244556,455,True,12,141,455,256731,1401.58,1418.1,0.011786697869547114,False,2012-12-28 16:18:09.886
2013-01-07,1459.8643,0.0013700000000000001,0.021879,0.05257960210742516,4.351871692091714,-0.6121465435662033,1.5158564221536566,0.011253979644072312,-1.8401813285989859,0.009919296184482571,0.27103693666080303,370,True,12,102,370,375785,1456.65,1466.47,0.0067414958981224515,False,2013-01-07 16:14:59.237
2013-01-08,1454.5807,0.001116,0.021962000000000002,0.04652234065485513,6.932628845852485,-0.6214040942363619,1.993041854379238,0.008113454823964283,-3.327171591706583,0.011379147641680215,0.2582431732700482,372,True,13,110,372,358398,1451.64,1461.89,0.007060979306164006,False,2013-01-08 16:15:00.490
2013-01-09,1461.6785,0.001116,0.021962000000000002,0.05161821131064152,4.325490807333262,-0.6248122202754925,1.4858007853645923,0.010027712172180974,-1.7610557767597077,0.010354954147424565,0.2497400036590553,392,True,14,102,392,366094,1457.15,1464.73,0.005201935284630865,False,2013-01-09 16:16:39.645
2013-01-11,1469.6807,0.000862,0.021759,0.05659045144678044,2.843944683873792,-0.6542328183659276,1.0975124173275155,0.01226708021094306,-0.882653279087908,0.0066182525641336615,0.19188958211161186,312,True,12,98,312,258367,1467.65,1472.75,0.0034749429359859363,False,2013-01-11 16:16:16.302
2013-01-10,1466.5783,0.0009130000000000001,0.021741999999999997,0.04560332675304778,6.48462499189827,-0.6139957578257388,1.8720592828026728,0.00791170954303031,-2.9131650135746243,0.010643993284608848,0.26374375240444303,441,True,12,133,441,353249,1461.02,1472.3,0.007720633529999521,False,2013-01-10 16:14:54.970
2013-01-14,1468.89,0.0013189999999999999,0.021779000000000003,0.05028815765617523,3.977722853628472,-0.6244229970549521,1.3037150698619038,0.012607630207847024,-1.299608275433349,0.007639013225303926,0.21524984443832287,302,True,10,92,302,261219,1465.69,1472.05,0.004339253184506786,False,2013-01-14 16:17:39.339
2013-01-15,1468.6916,0.0013700000000000001,0.021755,0.05209083777324673,3.670079556024869,-0.6606357388985408,1.2370045551370128,0.012837068152641098,-1.1478252318941171,0.006957075060865724,0.1977938640899395,393,True,12,114,393,292257,1463.76,1473.23,0.006469639831666374,False,2013-01-15 16:18:08.115
2013-01-22,1487.3482,0.0013189999999999999,0.021478999999999998,0.042512569451526136,5.542822512505201,-0.6574394065780051,1.671071299497881,0.008497823675871244,-2.3212000339648164,0.007438717204204759,0.21467066043302807,430,True,12,111,430,492950,1481.16,1492.51,0.007662912852088866,False,2013-01-22 16:19:55.281
2013-01-25,1500.3753,0.0013700000000000001,0.021322999999999998,0.04219680287272695,4.55174074856367,-0.6572099169859534,1.5953917047822557,0.009836932181594215,-2.1611368774982327,0.007637812980948424,0.21102655096345257,418,True,13,123,418,280247,1494.82,1503.24,0.00563278521828714,False,2013-01-25 16:18:00.588
2013-02-04,1501.3593,0.001268,0.021516999999999998,0.04499698562013809,4.041492887000253,-0.6718259179438701,1.4659177965685117,0.014239585532560169,-1.785204991655799,0.005918653558414003,0.15193976505978304,474,True,13,120,474,229944,1495.02,1513.17,0.012140305815306895,False,2013-02-04 16:14:33.796
2013-02-05,1509.7228,0.001015,0.021307,0.043769413975645856,4.589559736300669,-0.6682897481416573,1.5751811974576615,0.011206388887532129,-2.0794311246959523,0.006766170918481065,0.1724284560420779,390,True,13,113,390,181846,1495.71,1514.96,0.0128701419392796,False,2013-02-05 16:15:29.639
2013-02-06,1509.507,0.001015,0.021307,0.043196354326202974,5.8177330945443,-0.6637089859026993,1.8749122072457458,0.010765109756261975,-3.012686064624689,0.006848786792242421,0.1531648537479686,360,True,13,98,360,188582,1504.81,1512.47,0.005090343631422023,False,2013-02-06 16:15:40.393
